{"title":"Dataset","markdown":{"headingText":"Dataset","headingAttr":{"id":"dataset","classes":[],"keyvalue":[]},"containsRefs":false,"markdown":"\nThe principal data used in this analysis was obtained from the \"Consumer Assessment of Healthcare Providers and Systems (CAHPS) In-Center Hemodialysis Survey\", which is administered to in-center hemodialysis (ICH) facilities by approved survey vendors under the Centers for Medicare & Medicaid Services (CMS). The dataset comprises 39 variables consisting of state-level averages of common dialysis quality measures. The version in this analysis was released on July 19, 2023 through the data.cms.gov website. @dialysis2023july\n\nThe structure of the dataset can be categorized into three main components:\n\n1.  Index Variable: The primary index variable is \"State,\" encompassing all 50 states and 6 U.S. territories, namely American Samoa, the District of Columbia, Guam, the Northern Mariana Islands, Puerto Rico, and the U.S. Virgin Islands.\n<br>\n2.  Response Variables: The dataset incorporates 24 response variables aligned with ratings of patient care quality in dialysis facilities. These variables pertain to various aspects of dialysis procedures, such as transfusions, fistula usage, infections, hospitalizations, incident patient waitlisting, and readmissions.\n<br>\n3.  Classification of Dialysis Patients: Fourteen variables within the dataset classify dialysis patients based on parameters including dialysis adequacy (Kt/V), type of dialysis (hemodialysis vs. peritoneal dialysis), normalized protein catabolic rate (nPCR), hypercalcemia level (Serum Calcium, Mg/dL), serum phosphorus level (Mg/dL), and average hemoglobin (Hgb) level.\n\nThe selection of this dataset for our analysis is driven by its inherent characteristic of multicollinearity among variables, indicating that certain variables are less significant in explaining the variability of the response variables. Additionally, all variables in the dataset are numeric, except for the index variable that is excluded from the subsequent Principal Component Analysis (PCA). Our objective is to utilize this dataset to illustrate the efficacy of PCA in dimension reduction and the efficient visualization of data.\n\n## Renaming Variables\n\nIn our data preparation process, we have efficiently removed white spaces, and edited variable names, enhancing the readability and interpretability of the dataset. This meticulous effort adds to the overall clarity, making it quicker, and more meaningful for further examination. For instance, \"hypercalcemia_calcium \\> 10.2Mg\", was used in replacement of Percentage.Of.Adult..Patients.With.Hypercalcemia..Serum.Calcium.Greater.Than.10.2.Mg.dL.\n\n## Statistical Summary\n\nThe dataset contains 56 observations of 39 variables with 1 discrete variable (States/Territories) and 38 continuous variables. 13 observations have at least 1 missing record, with 34 missing observations in total. Most missing data in the dataset occurs in variables relating to pediatric patient data.\n\n```{r, warning = FALSE, message = FALSE, echo=FALSE}\n# Clear environment\nrm(list = ls())\n\n# Load libraries\nlibrary(tidyverse)\nlibrary(summarytools)\nlibrary(kableExtra)\nlibrary(DataExplorer)\n```\n\n```{r, warning = FALSE, message = FALSE, echo=FALSE}\n# Load the dataset\ndata <- read.csv('./dataset/DFC_STATE.csv')\n\n# Make a working copy\ntrain_data <- data\n\n# Constant seed\nmy_seed = 95\n```\n\n```{r, warning = FALSE, message = FALSE, echo=FALSE}\n# Rename the variables\ntrain_data <- rename(train_data,\n        better_transfusion = Transfusions..Better.than.expected..STATE.,\n        expected_transfusion = Transfusions..As.expected..STATE.,\n        worse_transfusion = Transfusions..Worse.than.expected..STATE.,\n        better_infection = Infection..Better.than.expected..STATE.,\n        expected_infection = Infection..As.expected..STATE.,\n        worse_infection = Infection..Worse.than.expected..STATE.,\n        Kt_v_1.2 = Percentage.of.adult.HD.patients.with.Kt.V..1.2,\n        Kt_v_1.7 = Percentage.Of.Adult.PD.Patients.With.Kt.V..1.7,\n        pedriatic_Kt_v_1.2 = Percentage.Of.Pediatric.HD.Patients.With.Kt.V..1.2,\n        pediatric_Kt_v_1.8 = Percentage.Of.Pediatric.PD.Patients.With.Kt.V..1.8,\n        pediatric_nPCR = Percentage.Of.Pediatric.HD.Patients.With.nPCR.In.Use,\n        better_fistula = Fistula.Rate...Better.Than.Expected..STATE.,\n        expected_fistula = Fistula.Rate...As.Expected..STATE.,\n        worse_fistula = Fistula.Rate...Worse.Than.Expected..STATE.,\n        long_term_catheter = Percentage.Of.Adult.Patients.With.Long.Term.Catheter.In.Use ,\n        \"hypercalcemia_calcium > 10.2Mg\" = Percentage.Of.Adult.Patients.With.Hypercalcemia..Serum.Calcium.Greater.Than.10.2.Mg.dL.,\n        \"phosphorus < 3.5Mg\" = Percentage.Of.Adult.Patients.With.Serum.Phosphorus.Less.Than.3.5.Mg.dL,\n        \"phosphorus (3.5 - 4.5) Mg\" = Percentage.Of.Adult.Patients.With.Serum.Phosphorus.Between.3.5.4.5.Mg.dL,\n        \"phosphorus (4.6 - 5.5) Mg\" = Percentage.Of.Adult.Patients.With.Serum.Phosphorus.Between.4.6.5.5.Mg.dL,\n        \"phosphorus (5.6 - 7) Mg\" = Percentage.Of.Adult.Patients.With.Serum.Phosphorus.Between.5.6.7.0.Mg.dL,\n        \"phosphorus > 7Mg\" = Percentage.Of.Adult.Patients.With.Serum.Phosphorus.Greater.Than.7.0.Mg.dL,\n        better_hospitalization = Hospitalizations..Better.Than.Expected..STATE.,\n        expected_hospitalization = Hospitalizations..As.Expected..STATE.,\n        worse_hospitalization = Hospitalizations..Worse.Than.Expected..STATE.,\n        better_hospital_readmission = Hospital.Readmission...Better.Than.Expected..STATE.,\n        expected_hospital_readmission = Hospital.Readmission...As.Expected..STATE.,\n        worse_hospital_readmission = Hospital..Readmission...Worse.Than.Expected..STATE.,\n        better_survival = Survival..Better.Than.Expected..STATE.,\n        expected_survival = Survival..As.Expected..STATE.,\n        worse_survival = Survival..Worse.Than.Expected..STATE.,\n        incident_transplant_waitlist_better = Incident.Patients.Transplant.Waitlisting..Better.Than.Expected..STATE.,\n        incident_transplant_waitlist_expected = Incident.Patients.Transplant.Waitlisting...As.Expected..STATE.,\n        incident_transplant_waitlist_worse = Incident.Patients.Transplant.Waitlisting...Worse.Than.Expected..STATE.,\n        prevalent_transplant_waitlist_better = Prevalent.Patients.Transplant.Waitlisting..Better.Than.Expected..STATE.,\n        prevalent_transplant_waitlist_expected = Prevalent.Patients.Transplant.Waitlisting...As.Expected..STATE.,\n        prevalent_transplant_waitlist_worse = Prevalent.Patients.Transplant.Waitlisting...Worse.Than.Expected..STATE.,\n        Hgb_10g = Percentage.Of.Patients.With.Hgb.10.g.dL,\n        Hgb_12g = Percentage.of.patients.with.Hgb.12.g.dL\n        )\n```\n\n```{r, warning = FALSE, message = FALSE, echo=FALSE}\ndata_desc = descr(train_data, plain.ascii = FALSE, headings = FALSE) # descriptive statistics for the dataset\n\nkbl(data_desc, align= 'l') %>%\n  kable_paper(\"hover\")\n```\n\n<br>\n\nThe histograms of the data reveal that majority of the variables are skewed right, with the QQ plots supporting that very few of the variables are normally distributed. Finally, many of the variables are highly correlated as expected based on the design of the dataset.\n\n## Missing Values Detection\n\n-   The 34 missing observations represent 1.6% of the dataset.\n-   14 variables have missing observations.\n-   A table was generated to count missing values for all variables.\n\n```{r, echo=FALSE, warning=FALSE, message=FALSE}\n# Plot Missing values\nplot_intro(train_data)\nplot_missing(train_data, missing_only = TRUE, group = list(\"Good (0.05)\" = 0.05, \"OK (0.4)\" = 0.4, Bad = 0.8, Remove = 1),)\n\ntotal_missing <- sum(is.na(train_data))\n#cat(\"Count Missing Values in Entire Data Frame: \", total_missing)\n```\n\n```{r, echo=FALSE, warning=FALSE, message=FALSE, results='hide'}\n# Count the number of missing values in each column\nno_missing_values_df <- data.frame(\"Missing_Values\" = colSums(is.na(train_data)))\n\n# Table format\nkbl(no_missing_values_df) %>%\n  kable_paper(\"hover\", full_width = F)\n```\n\n## Data Distribution\n\n-   Histograms are used to display a sample (8 variables) of the distribution in respect to the predictor variable.\n\n-   Normality is not assumed. Overall, the distribution in each variable does not meet the normality assumption.\n\n```{r, echo=FALSE}\n# Visualize of data in histograms\nplot_histogram(train_data[, 18:25], ncol = 2L)\n```\n\n## Normal QQ Plot of Residuals\n\n-   It is apparent that the variables have heavy left and right tails.\n\n-   The presence of outliers is consistent though the entire dataset.\n\n```{r, message=FALSE, warning=FALSE, echo=FALSE}\n# Plot qq\nplot_qq(train_data[, 19:30], ncol = 2L)\n```\n\n## Imputation of Missing Values\n\n<!-- -   A table was created to confirm the absence of any missing observations in the data frame. -->\n\n<!-- -   Due to its categorical data type, the \"State\" variable was omitted from the analysis. -->\n<!-- -   After substituting missing values with the mean, we are now able to proceed with standardizing the dataset. -->\n<!-- -   The standardization process will be implemented in the Analysis chapter. -->\n\n```{r}\n# Remove categorical columns\ntrain_data$State <- NULL\n\n# Impute missing values with the median\nfor (col in colnames(train_data)) {\n  median_value <- median(train_data[[col]], na.rm = TRUE)\n  train_data[[col]] <- ifelse(is.na(train_data[[col]]), median_value, train_data[[col]])\n}\n```\n\n```{r, echo=FALSE, results='hide'}\n# Round all variables\ntrain_data <- round(train_data, digits = 0)\n\n# Count the number of missing values in each column\nno_missing_values_df <- data.frame(\"Missing_Values\" = colSums(is.na(train_data)))\n\nType = sapply(train_data, typeof)\nno_missing_values_df <- cbind(no_missing_values_df, Type)\n\n# table format\nkbl(no_missing_values_df) %>%\n  kable_paper(\"hover\", full_width = F)\n```\n\nIn conclusion, the dataset has undergone essential pre-processing steps, making it well-prepared for outliers detection, and normalization. The pre-process steps are crucial for robust, and accurate model development. Missing observations have been imputed using the mean. Due to its categorical data type, the \"State\" variable was omitted from the analysis, ensuring that all variables are numerical. These preliminary steps have not only enhanced the dataset completeness, but also set the stage for further advanced data analysis.\n","srcMarkdownNoYaml":""},"formats":{"html":{"identifier":{"display-name":"HTML","target-format":"html","base-format":"html"},"execute":{"fig-width":7,"fig-height":5,"fig-format":"retina","fig-dpi":96,"df-print":"default","error":false,"eval":true,"cache":null,"freeze":"auto","echo":true,"output":true,"warning":true,"include":true,"keep-md":false,"keep-ipynb":false,"ipynb":null,"enabled":null,"daemon":null,"daemon-restart":false,"debug":false,"ipynb-filters":[],"engine":"knitr"},"render":{"keep-tex":false,"keep-source":false,"keep-hidden":false,"prefer-html":false,"output-divs":true,"output-ext":"html","fig-align":"default","fig-pos":null,"fig-env":null,"code-fold":true,"code-overflow":"scroll","code-link":false,"code-line-numbers":false,"code-tools":false,"tbl-colwidths":"auto","merge-includes":true,"inline-includes":false,"preserve-yaml":false,"latex-auto-mk":true,"latex-auto-install":true,"latex-clean":true,"latex-max-runs":10,"latex-makeindex":"makeindex","latex-makeindex-opts":[],"latex-tlmgr-opts":[],"latex-input-paths":[],"latex-output-dir":null,"link-external-icon":false,"link-external-newwindow":false,"self-contained-math":false,"format-resources":[],"notebook-links":true,"format-links":true},"pandoc":{"standalone":true,"wrap":"none","default-image-extension":"png","to":"html","css":["css/toggle.css"],"output-file":"dataset.html"},"language":{"toc-title-document":"Table of contents","toc-title-website":"On this page","related-formats-title":"Other Formats","related-notebooks-title":"Notebooks","source-notebooks-prefix":"Source","section-title-abstract":"Abstract","section-title-appendices":"Appendices","section-title-footnotes":"Footnotes","section-title-references":"References","section-title-reuse":"Reuse","section-title-copyright":"Copyright","section-title-citation":"Citation","appendix-attribution-cite-as":"For attribution, please cite this work as:","appendix-attribution-bibtex":"BibTeX citation:","title-block-author-single":"Author","title-block-author-plural":"Authors","title-block-affiliation-single":"Affiliation","title-block-affiliation-plural":"Affiliations","title-block-published":"Published","title-block-modified":"Modified","callout-tip-title":"Tip","callout-note-title":"Note","callout-warning-title":"Warning","callout-important-title":"Important","callout-caution-title":"Caution","code-summary":"Code","code-tools-menu-caption":"Code","code-tools-show-all-code":"Show All Code","code-tools-hide-all-code":"Hide All Code","code-tools-view-source":"View Source","code-tools-source-code":"Source Code","code-line":"Line","code-lines":"Lines","copy-button-tooltip":"Copy to Clipboard","copy-button-tooltip-success":"Copied!","repo-action-links-edit":"Edit this page","repo-action-links-source":"View source","repo-action-links-issue":"Report an issue","back-to-top":"Back to top","search-no-results-text":"No results","search-matching-documents-text":"matching documents","search-copy-link-title":"Copy link to search","search-hide-matches-text":"Hide additional matches","search-more-match-text":"more match in this document","search-more-matches-text":"more matches in this document","search-clear-button-title":"Clear","search-detached-cancel-button-title":"Cancel","search-submit-button-title":"Submit","search-label":"Search","toggle-section":"Toggle section","toggle-sidebar":"Toggle sidebar navigation","toggle-dark-mode":"Toggle dark mode","toggle-reader-mode":"Toggle reader mode","toggle-navigation":"Toggle navigation","crossref-fig-title":"Figure","crossref-tbl-title":"Table","crossref-lst-title":"Listing","crossref-thm-title":"Theorem","crossref-lem-title":"Lemma","crossref-cor-title":"Corollary","crossref-prp-title":"Proposition","crossref-cnj-title":"Conjecture","crossref-def-title":"Definition","crossref-exm-title":"Example","crossref-exr-title":"Exercise","crossref-ch-prefix":"Chapter","crossref-apx-prefix":"Appendix","crossref-sec-prefix":"Section","crossref-eq-prefix":"Equation","crossref-lof-title":"List of Figures","crossref-lot-title":"List of Tables","crossref-lol-title":"List of Listings","environment-proof-title":"Proof","environment-remark-title":"Remark","environment-solution-title":"Solution","listing-page-order-by":"Order By","listing-page-order-by-default":"Default","listing-page-order-by-date-asc":"Oldest","listing-page-order-by-date-desc":"Newest","listing-page-order-by-number-desc":"High to Low","listing-page-order-by-number-asc":"Low to High","listing-page-field-date":"Date","listing-page-field-title":"Title","listing-page-field-description":"Description","listing-page-field-author":"Author","listing-page-field-filename":"File Name","listing-page-field-filemodified":"Modified","listing-page-field-subtitle":"Subtitle","listing-page-field-readingtime":"Reading Time","listing-page-field-categories":"Categories","listing-page-minutes-compact":"{0} min","listing-page-category-all":"All","listing-page-no-matches":"No matching items"},"metadata":{"lang":"en","fig-responsive":true,"quarto-version":"1.3.433","bibliography":["references.bib"],"csl":"ieee-with-url.csl","editor":"source","theme":"cosmo","code-summary":"Show the code","page-layout":"full"},"extensions":{"book":{"multiFile":true}}},"pdf":{"identifier":{"display-name":"PDF","target-format":"pdf","base-format":"pdf"},"execute":{"fig-width":5.5,"fig-height":3.5,"fig-format":"pdf","fig-dpi":300,"df-print":"default","error":false,"eval":true,"cache":null,"freeze":"auto","echo":true,"output":true,"warning":true,"include":true,"keep-md":false,"keep-ipynb":false,"ipynb":null,"enabled":null,"daemon":null,"daemon-restart":false,"debug":false,"ipynb-filters":[],"engine":"knitr"},"render":{"keep-tex":false,"keep-source":false,"keep-hidden":false,"prefer-html":false,"output-divs":true,"output-ext":"pdf","fig-align":"default","fig-pos":null,"fig-env":null,"code-fold":"none","code-overflow":"scroll","code-link":false,"code-line-numbers":false,"code-tools":false,"tbl-colwidths":true,"merge-includes":true,"inline-includes":false,"preserve-yaml":false,"latex-auto-mk":true,"latex-auto-install":true,"latex-clean":true,"latex-max-runs":10,"latex-makeindex":"makeindex","latex-makeindex-opts":[],"latex-tlmgr-opts":[],"latex-input-paths":[],"latex-output-dir":null,"link-external-icon":false,"link-external-newwindow":false,"self-contained-math":false,"format-resources":[]},"pandoc":{"pdf-engine":"xelatex","standalone":true,"variables":{"graphics":true,"tables":true},"default-image-extension":"pdf","to":"pdf","output-file":"dataset.pdf"},"language":{"toc-title-document":"Table of contents","toc-title-website":"On this page","related-formats-title":"Other Formats","related-notebooks-title":"Notebooks","source-notebooks-prefix":"Source","section-title-abstract":"Abstract","section-title-appendices":"Appendices","section-title-footnotes":"Footnotes","section-title-references":"References","section-title-reuse":"Reuse","section-title-copyright":"Copyright","section-title-citation":"Citation","appendix-attribution-cite-as":"For attribution, please cite this work as:","appendix-attribution-bibtex":"BibTeX citation:","title-block-author-single":"Author","title-block-author-plural":"Authors","title-block-affiliation-single":"Affiliation","title-block-affiliation-plural":"Affiliations","title-block-published":"Published","title-block-modified":"Modified","callout-tip-title":"Tip","callout-note-title":"Note","callout-warning-title":"Warning","callout-important-title":"Important","callout-caution-title":"Caution","code-summary":"Code","code-tools-menu-caption":"Code","code-tools-show-all-code":"Show All Code","code-tools-hide-all-code":"Hide All Code","code-tools-view-source":"View Source","code-tools-source-code":"Source Code","code-line":"Line","code-lines":"Lines","copy-button-tooltip":"Copy to Clipboard","copy-button-tooltip-success":"Copied!","repo-action-links-edit":"Edit this page","repo-action-links-source":"View source","repo-action-links-issue":"Report an issue","back-to-top":"Back to top","search-no-results-text":"No results","search-matching-documents-text":"matching documents","search-copy-link-title":"Copy link to search","search-hide-matches-text":"Hide additional matches","search-more-match-text":"more match in this document","search-more-matches-text":"more matches in this document","search-clear-button-title":"Clear","search-detached-cancel-button-title":"Cancel","search-submit-button-title":"Submit","search-label":"Search","toggle-section":"Toggle section","toggle-sidebar":"Toggle sidebar navigation","toggle-dark-mode":"Toggle dark mode","toggle-reader-mode":"Toggle reader mode","toggle-navigation":"Toggle navigation","crossref-fig-title":"Figure","crossref-tbl-title":"Table","crossref-lst-title":"Listing","crossref-thm-title":"Theorem","crossref-lem-title":"Lemma","crossref-cor-title":"Corollary","crossref-prp-title":"Proposition","crossref-cnj-title":"Conjecture","crossref-def-title":"Definition","crossref-exm-title":"Example","crossref-exr-title":"Exercise","crossref-ch-prefix":"Chapter","crossref-apx-prefix":"Appendix","crossref-sec-prefix":"Section","crossref-eq-prefix":"Equation","crossref-lof-title":"List of Figures","crossref-lot-title":"List of Tables","crossref-lol-title":"List of Listings","environment-proof-title":"Proof","environment-remark-title":"Remark","environment-solution-title":"Solution","listing-page-order-by":"Order By","listing-page-order-by-default":"Default","listing-page-order-by-date-asc":"Oldest","listing-page-order-by-date-desc":"Newest","listing-page-order-by-number-desc":"High to Low","listing-page-order-by-number-asc":"Low to High","listing-page-field-date":"Date","listing-page-field-title":"Title","listing-page-field-description":"Description","listing-page-field-author":"Author","listing-page-field-filename":"File Name","listing-page-field-filemodified":"Modified","listing-page-field-subtitle":"Subtitle","listing-page-field-readingtime":"Reading Time","listing-page-field-categories":"Categories","listing-page-minutes-compact":"{0} min","listing-page-category-all":"All","listing-page-no-matches":"No matching items"},"metadata":{"block-headings":true,"bibliography":["references.bib"],"csl":"ieee-with-url.csl","editor":"source","documentclass":"scrreprt"},"extensions":{"book":{"selfContainedOutput":true}}}},"projectFormats":["html","pdf"]}