{"title":"Examples","markdown":{"headingText":"Examples","containsRefs":false,"markdown":"\nMoving beyond the theoretical foundations of principal components, how is PCA applied to data? We offer two examples; the first a demonstration of the manual calculation of principal components, and the second implementing PCA on a large dataset using R.\n\n## Manual calculation of principal components\n\nIn this illustration, we have access to the two grades of four students in a statistics subject. We aim to employ principal component analysis as a means to reduce the dimensionality from two variables to a singular variable. This transformation will effectively represent students' performance in the subject with a more compact and interpretable measure. This example is adapted from the resource *How to compute principal components* @eduflair2020.\n\n| Scores        | **Basic Stats**   | **Advanced Stats**  |\n|---------------|-------------------|---------------------|\n| **Student 1** | **4**             | **11**              |\n| **Student 2** | **8**             | **4**               |\n| **Student 3** | **13**            | **5**               |\n| **Student 4** | **7**             | **14**              |\n| **Mean**      | $\\bar{x}$ = **8** | $\\bar{y}$ = **8.5** |\n\n### Calculate the covariance matrix $M$\n\n$$\n\\begin{bmatrix}\n\\text{cov}(x,x) & \\text{cov}(x,y) \\\\\n\\text{cov}(y,x) & \\text{cov}(y,y) \\\\\n\\end{bmatrix}\n$$\n\n$\\Rightarrow$ $\\text{cov}(x,x)$ = $\\text{var}(x)$ = $\\mathbf{E}$($x^2$) - $\\mathbf{E}$ $(x)^2$ = $$ \\frac{(16+0+25+1)}{3}=14 $$\n\n$\\Rightarrow$ $\\text{cov}(y,y)$ = $\\text{var}(y)$ = $\\mathbf{E}$($y^2$) - $\\mathbf{E}$ $(y)^2$ = $$ \\frac{(6.25+20.25+12.25+30.25)}{3}=23 $$\n\n$\\Rightarrow$ $\\text{cov}(x,y)$ = $\\text{cov}(y,x)$ = $\\mathbf{E}$($xy$) - $\\mathbf{E}$ ($x$)$\\mathbf{E}$ ($y$) = $$ \\frac{(-10+0-17.5-5.5)}{3}=-11 $$\n\n$\\Rightarrow$ Covariance Matrix $M$ $$ \n\\begin{bmatrix}\n14 & -11 \\\\\n-11 & 23 \\\\\n\\end{bmatrix} $$\n\n### Compute the singular value decomposition (SVD)\n\nWe can obtain the principal components and loadings from SVD of the covariance matrix M since covariance matrix M is a square matrix:\n\n$$ \n\\begin{bmatrix}\n14 & -11 \\\\\n-11 & 23 \\\\\n\\end{bmatrix} \\times Any\\ vector = \\lambda \\times Any\\ vector\\ ,\\ (vector\\neq 0) \n$$\n\n$$det(M - \\lambda I) = 0$$\n\n#### Obtain eigenvalues of the covariance matrix $\\rightarrow$ $\\lambda_1$ & $\\lambda_2$\n\n$$\nI = \\begin{bmatrix}\n1 & 0 \\\\\n0 & 1 \\\\\n\\end{bmatrix}\n$$\n\n$$\n\\lambda I = \\lambda \\times \\begin{bmatrix}\n1 & 0 \\\\\n0 & 1 \\\\\n\\end{bmatrix} = \\begin{bmatrix} \n\\lambda  & 0 \\\\\n0 & \\lambda  \\\\\n\\end{bmatrix}\n$$\n\n$$\n\\begin{bmatrix}\n14 & -11 \\\\\n-11&  23 \\\\\n\\end{bmatrix} -\\begin{bmatrix}\n\\lambda  & 0 \\\\\n0 & \\lambda  \\\\\n\\end{bmatrix} = \\begin{bmatrix}\n14-\\lambda  & -11 \\\\\n-11 & 23-\\lambda  \\\\\n\\end{bmatrix}\n$$\n\n$\\Rightarrow$\n\n$$\ndet\\begin{bmatrix}\n 14-\\lambda & -11 \\\\\n -11& 23-\\lambda  \\\\\n\\end{bmatrix}=0\n$$\n\n$\\Rightarrow$ $$(14-\\lambda)(23-\\lambda) - (-11)(-11) = 0 $$\n\n$$\\lambda^2 +37\\lambda -201 = 0$$\n\n$\\Rightarrow$ $\\lambda_1$ = 30.3849, $\\lambda_2$ = 6.6152 (eigenvalues for Covariance Matrix $M$)\n\n#### Obtain eigenvector of $\\lambda_1$\n\n$$(M - \\lambda_1I)\\times U_1 = \\mathbf{0} $$\n\n$\\Rightarrow$ $$\\begin{bmatrix}\n 14-\\lambda & -11 \\\\\n -11& 23-\\lambda  \\\\\n\\end{bmatrix}\\times\\begin{bmatrix}\nu_1 \\\\\nu_2 \\\\\n\\end{bmatrix}=\\mathbf{0}\n$$\n\n$$(14- \\lambda)u_1 - 11u_2 = 0 $$ $\\Rightarrow$ $$-16.3849u_1 -11u_2 = 0$$ $\\Rightarrow$ $$-16.3849u_1= 11u_2 $$ $\\Rightarrow$ $$u_1 = \\frac{11}{-16.3849}u_2$$\n\n$$\n\\begin{bmatrix}\nu_1 \\\\\nu_2 \\\\\n\\end{bmatrix}= u_2\\begin{bmatrix}\n\\frac{11}{-16.3849}\\\\\n1 \\\\\n\\end{bmatrix}\n$$\n\n$\\Rightarrow$ $$u_2\\begin{bmatrix}\n-11\\\\ 16.3849\n\\end{bmatrix}$$\n\n$$\n\\begin{bmatrix}\n16.3849 & 11 \\\\\n\\end{bmatrix} \\times \\begin{bmatrix}\nu_1 \\\\ u_2\n\\end{bmatrix} = \\begin{bmatrix}\n11 \\\\ -16.3849\n\\end{bmatrix}\n$$\n\n**Normalized Eigenvector**\n\n$\\Rightarrow$ $\\lambda_1$: $e_1$\n\n$$\n\\frac{1}{\\sqrt{{11^2 +16.3849^2}}}\\begin{bmatrix}\n11 \\\\ -16.3849\n\\end{bmatrix}= \\begin{bmatrix}\n0.5574 \\\\ -0.8303\n\\end{bmatrix} \n$$\n\n$\\Rightarrow$ $\\lambda_2$ $e_2$ (Right singular vector) =\n\n$$\n\\begin{bmatrix}\n0.8303 \\\\ 0.5574\n\\end{bmatrix} \n$$\n\n### Derive The new dataset\n\n**First Principal Component (PC1)**\n\n$$\nP_{11} = e_1^T \\times \n\\begin{bmatrix}\n4-mean(x) \\\\ 11 -mean(y)\n\\end{bmatrix}\n = \\begin{bmatrix}\n0.5574 & -0.8303 \\\\\n\\end{bmatrix} \n\\begin{bmatrix}\n4-8 \\\\ 11-8.5\n\\end{bmatrix} =-4.3052 \n$$\n\n$$\nP_{12} = e_1^T \\times \n\\begin{bmatrix}\n8-mean(x) \\\\ 4 -mean(y)\n\\end{bmatrix}\n = \\begin{bmatrix}\n0.5574 & -0.8303 \\\\\n\\end{bmatrix} \n\\begin{bmatrix}\n8-8 \\\\ 4-8.5\n\\end{bmatrix} =3.7361 \n$$\n\n$$\nP_{13} = e_1^T \\times \n\\begin{bmatrix}\n13-mean(x) \\\\ 5 -mean(y)\n\\end{bmatrix}\n = \\begin{bmatrix}\n0.5574 & -0.8303 \\\\\n\\end{bmatrix} \n\\begin{bmatrix}\n13-8 \\\\ 5-8.5\n\\end{bmatrix}= 5.6928\n$$\n\n$$\nP_{14}= e_1^T \\times \n\\begin{bmatrix}\n7-mean(x) \\\\ 14 -mean(y)\n\\end{bmatrix}\n = \\begin{bmatrix}\n0.5574 & -0.8303 \\\\\n\\end{bmatrix} \n\\begin{bmatrix}\n7-8 \\\\ 14-8.5\n\\end{bmatrix} = -5.1238\n$$\n\n<br>\n\n**The new dataset (Left singular vector)**\n\n|         | **Student 1** | **Student 2** | **Student 3** | **Student 4** |\n|:-------:|:-------------:|:-------------:|:-------------:|:-------------:|\n| **PC1** |  **-4.3052**  |  **3.7361**   |  **5.6928**   |  **-5.1238**  |\n\n### Verifying and visualizing the results\n\nUsing the factoextra @factoextra, tidyverse @tidyverse, and kableExtra @kableExtra packages, we can easily visualize the results of this analysis.\n\n```{r echo=FALSE, message=FALSE, warning=FALSE}\n# Clear environment\nrm(list = ls())\n\n# Load Libraries\nlibrary(factoextra) # fviz_eig; PCA plots\nlibrary(tidyverse)  # rename; pipe operator\nlibrary(kableExtra) # kable_paper; table formatting\n\n# Import Example Data\ndata = data.frame(Student = 1:4, BasicStats=c(4,8,13,7), AdvancedStats=c(11,4,5,14))\n#dim(data)\n\n# Structure of Data\n# check variable types which matters in PCA \n# summary(data) #details about variable scales and missing values\nkbl(data, align = 'l', caption = \"Dataframe structure\") %>%\n  kable_paper(\"hover\")\n\n# Based on Info from Summary: handle missing values and exclude categorical variable\n# na.omit(data) No missing values here\ndata_sample = data[,-c(1)] #exclude categorical variable\n\n# Run PCA\ndata_pca = prcomp(data_sample, scale = TRUE)\n\n# Summary of Analysis\nsum_pca = as.data.frame(summary(data_pca)$importance)\nkbl(sum_pca, align= 'l', caption = \"Importance of components\") %>%\n  kable_paper(\"hover\")\n\n# Elements of PCA Object (all outputs of PCA analysis)\n# names(data_pca)\n\n# sdev:standard deviation\n# rotation: eigenvectors (loadings per variable within each PC)\n# center: mean of the original variable\n# scale: standard deviations of the original variable\n# x: principal component values/scores\n\n# Scree Plot of Variance\nfviz_eig(data_pca,\n         addlabels = TRUE)\n# Biplot with Default Settings\nfviz_pca_biplot(data_pca, repel = TRUE)\n```\n\n### Results\n\nThe first principal component of the data captures 80.7% of the variation (or information) while reducing the dimensionality of the dataset from 2 variables to 1. Small datasets such as this make the hand-calculation of principal components feasible and easy to follow, but the strengths of PCA are especially evident when software is used to enable principal component analysis for large datasets. In the next example, we demonstrate how PCA can be used with a large dataset using the R programming language.\n\n## PCA on a large dataset using R\n\nFor this application of PCA, the Abalone dataset from the UCI Machine Learning Repository is used @misc_abalone_1. This dataset contain 4177 observations of 9 variables which record characteristics of each abalone including sex, length, diameter, height, weights, and the number of rings. The variables, apart from sex, are continuous and correlated making the dataset an ideal candidate for demonstrating dimensionality reduction via PCA.\n\n### Data Preparation\n\nThe dataset contains 9 variables with 1 categorical variable and 8 numeric variables. The dataset contains no missing values. For this example in applying principal component analysis, we exclude the categorical variable 'Sex' and focus the PCA on the numerical dimensions of the Abalone. For analyses involving a mix of numeric and non-numeric variables other factor analysis techniques can be used, such as factor analysis of mixed data @pages2014multiple.\n\n```{r}\n# Load libraries\nlibrary(corrplot) # for plotting the correlation matrix\nlibrary(summarytools) # produces summary stats\n\n# Load dataset\nabalone <- read.csv('./abalone/abalone.csv')\n\ndata_desc = descr(abalone, plain.ascii = FALSE, headings = FALSE) # descriptive statistics for the dataset\n\ndata_desc %>%\n  kbl(align= 'l') %>%\n  kable_paper(\"hover\")\n```\n\nThe summary statistics show the differences in measurement between variables, with some variables such as diameter and viscera weight having small ranges and others, namely rings, having relatively large ranges. For this reason, scaling of the variables is a crucial step in PCA to ensure results accurately capture the variance in the data.\n\n### Feature Scaling\n\nStandardization ensures all variables, also called features, are on the same scale, and the scale function allows us to center the data to a mean of 0 and variance of 1. This ensures no single feature has an outsized effect during the principal component analysis.\n\n```{r}\n# Select only the numeric variables \nabalone = select_if(abalone, is.numeric)\n\n# Standardization of numerical features\nabalone_sc <- scale(abalone, center = TRUE, scale = TRUE)\n\nsc_sum = summary(abalone_sc)\n\nkbl(sc_sum, align= 'l') %>%\n  kable_paper(\"hover\")\n```\n\nViewing the data after scaling and centering, values greater than 3 or less than -3 represent outliers more than 3 standard deviations from the mean. Based on the ranges of the variables, we should view a boxplot of the data to further investigate.\n\n```{r}\n# Plot a boxplot to visualize potential outliers\npar(mar=c(4, 8, 4, 4))\nboxplot(abalone_sc, col = \"steelblue\", main = \"Visualization of scaled and centered data\", horizontal = TRUE, las = 1)\n```\n\nAre there enough outliers to be a cause for concern? We can see how many lie outside of the third standard deviation of the data for each variable.\n\n```{r}\nouts = colSums(abalone_sc > 3 | abalone_sc < -3)\n\nkbl(outs, col.names = ('Outliers'), align = 'l') %>%\n  kable_paper(\"hover\")\n```\n\nOf the 4177 observations, at most 62 in a single variable (Rings) are outliers. The tolerance for outliers will differ depending on the investigation, but for our illustrative purposes this number is well within tolerance for principal component analysis.\n\nLastly, we can investigate the correlation among the variables. PCA is best used with linearly correlated data. If the data is not correlated, the results of PCA will be less meaningful.\n\n```{r}\n# Calculate correlations and round to 2 digits\nabalone_corr <- cor(abalone_sc)\ncorrplot(abalone_corr, method=\"number\")\n```\n\nOur scaled and centered data has strong linear correlations and contains a relatively small number of outliers. We can now calculate the principal components of the dataset.\n\n### PCA via Singular Value Decomposition\n\nThe prcomp() function from the stats package in R @R performs principal component analysis on a dataset using the singular value decomposition method, which utilizes the covariance matrix of the data.\n\n```{r}\n# Apply PCA using prcomp()\nabalone_pca <- prcomp(abalone_sc)\n\nsum_pca = as.data.frame(summary(abalone_pca)$importance)\n\nkbl(sum_pca, align= 'l', caption = \"Importance of components\") %>%\n  kable_paper(\"hover\")\n```\n\n```{r}\n# Principal Component scores vector\npc_scores <- abalone_pca$x\n\n# Std Deviation of Components\ncomponent_sdev <- abalone_pca$sdev\n\n# Eigenvector or Loadings\neigenvector <- abalone_pca$rotation\n\n# Mean of variables\ncomponent_mean <- abalone_pca$center \n\n# Scaling factor of Variables\ncomponent_scale <- abalone_pca$scale\n\n# Proportion of variance explained by each PC\nvariance_explained <- component_sdev^2 / sum(component_sdev^2)\n\n# Cumulative proportion of variance explained\ncumulative_variance_explained <- cumsum(variance_explained)\n\n# Retain components that explain a percentage of the variance\nnum_components <- which(cumulative_variance_explained >= 0.92)[1]\n\n# Select the desired number of principal components\nselected_pcs <- pc_scores[, 1:num_components]\n```\n\nThe first 2 principal components alone explain 92% of the variance in the data.\n\n#### Loading of First Two Components\n\nThe loading are the weights assigned to each variable for that particular principal component.\n\n```{r}\n# Access the loadings for the first two principal components\nloadings_first_two_components <- eigenvector[, 1:2]\n\n# Print the loadings for the first two principal components\n\nkbl(loadings_first_two_components, align= 'l', caption = \"Loadings for the first two principal components\") %>%\n  kable_paper(\"hover\")\n```\n\n#### PCA - Elements\n\nThe values in **`abalone_pca$x`** are the coordinates of each observation in the new principal component space. These coordinates are the scores for each observation along each principal component. The eigenvectors of the covariance or correlation matrix of the data represent the directions of maximum variance in the dataset.\n\n### Visualization\n\n#### Scree Plot - Cumulative Variance Explained\n\n```{r}\nfviz_eig(abalone_pca, addlabels = TRUE)\n```\n\nThe scree plot visualizes the variance captured by each PC. PC1 explains 83.9% of the variance, and PC2 explains 8.7% variance.\n\n#### Biplot\n\nThe correlation between a variable and a principal component is used as the coordinates of the variable on the PC, shown as dimensions on the biplot. Dim1 corresponds to PC1, and Dim2 to PC2. The representation of variables differs from the plot of the observations: The observations are represented by their projections, but the variables are represented by their correlations @abdi2010principal.\n\n```{r}\nfviz_pca_biplot(abalone_pca, label = \"var\", alpha.ind = \"contrib\", col.var = \"blue\", repel = TRUE)\n```\n\n#### Variable Contribution\n\nTop variable contribution for the first two principal components.\n\n```{r}\n# Contributions of variables to PC1\npc2_contribution <- fviz_contrib(abalone_pca, choice = \"var\", axes = 1, top = 20)\n\n# Modify the theme to rotate X-axis labels to 90 degrees\npc2_contribution +\n  theme(\n    axis.text.x = element_text(angle = 0),\n    plot.title = element_text(hjust = 0)  # horizontal justification\n  ) +\n  coord_flip() +\n  labs(title = \"Contribution of Variables to PC1\",\n       y = \"Percentage Contribution\",\n       x = \"\",\n       caption = \"PC1 explains 83.9% of the variance\") +\n  scale_y_continuous(labels = scales::percent_format(scale = 1,\n                                                     accuracy = 1))\n\n# Contributions of variables to PC2\npc2_contribution <- fviz_contrib(abalone_pca, choice = \"var\", axes = 2, top = 12)\n\n# Modify the theme to rotate X-axis labels to 90 degrees\npc2_contribution +\n  theme(\n    axis.text.x = element_text(angle = 0),\n    plot.title = element_text(hjust = 0)  # horizontal justification\n  ) +\n  coord_flip() +\n  labs(title = \"Contribution of Variables to PC2\",\n       y = \"Percentage Contribution\",\n       x = \"\",\n       caption = \"PC2 explains 8.7% of the variance\") +\n  scale_y_continuous(labels = scales::percent_format(scale = 1,\n                                                     accuracy = 1))\n```\n\n### Results\n\nThe first principal component captures 83.9% of the variance in the data. This linear combination has relatively equal loadings for whole weight, diameter, length, shell weight, viscera weight, and shucked weight, with height and rings having lower loadings. The second principal component is mostly influenced by the variable rings which makes up over 80% of the contribution to PC2. The biplot is an effective visualization of how each variable contributes to PC1, or dimension 1 on the graph, and PC2, or dimension 2 on the graph. The length and direction of each vector represent the contribution of each variable to the principal components; whole weight and rings are the longest, representing the largest contributions to PC1 and PC2 respectively.\n\nPCA is primarily an exploratory tool, which allows us to visualize high-dimensional data in lower dimensions as shown above in the biplot and accompanying scree plot. These PCs can be used to explore data in other ways, such as looking for trends and patterns in the data or identifying clusters and outliers. In the formal analysis in the following chapter, the applications of PCA are further explored through the development of a regression model on the principal components of a dataset.\n","srcMarkdownNoYaml":""},"formats":{"html":{"identifier":{"display-name":"HTML","target-format":"html","base-format":"html"},"execute":{"fig-width":7,"fig-height":5,"fig-format":"retina","fig-dpi":96,"df-print":"default","error":false,"eval":true,"cache":null,"freeze":"auto","echo":true,"output":true,"warning":true,"include":true,"keep-md":false,"keep-ipynb":false,"ipynb":null,"enabled":null,"daemon":null,"daemon-restart":false,"debug":false,"ipynb-filters":[],"engine":"knitr"},"render":{"keep-tex":false,"keep-source":false,"keep-hidden":false,"prefer-html":false,"output-divs":true,"output-ext":"html","fig-align":"default","fig-pos":null,"fig-env":null,"code-fold":true,"code-overflow":"scroll","code-link":false,"code-line-numbers":false,"code-tools":false,"tbl-colwidths":"auto","merge-includes":true,"inline-includes":false,"preserve-yaml":false,"latex-auto-mk":true,"latex-auto-install":true,"latex-clean":true,"latex-max-runs":10,"latex-makeindex":"makeindex","latex-makeindex-opts":[],"latex-tlmgr-opts":[],"latex-input-paths":[],"latex-output-dir":null,"link-external-icon":false,"link-external-newwindow":false,"self-contained-math":false,"format-resources":[],"notebook-links":true,"format-links":true},"pandoc":{"standalone":true,"wrap":"none","default-image-extension":"png","to":"html","css":["css/toggle.css"],"output-file":"examples.html"},"language":{"toc-title-document":"Table of contents","toc-title-website":"On this page","related-formats-title":"Other Formats","related-notebooks-title":"Notebooks","source-notebooks-prefix":"Source","section-title-abstract":"Abstract","section-title-appendices":"Appendices","section-title-footnotes":"Footnotes","section-title-references":"References","section-title-reuse":"Reuse","section-title-copyright":"Copyright","section-title-citation":"Citation","appendix-attribution-cite-as":"For attribution, please cite this work as:","appendix-attribution-bibtex":"BibTeX citation:","title-block-author-single":"Author","title-block-author-plural":"Authors","title-block-affiliation-single":"Affiliation","title-block-affiliation-plural":"Affiliations","title-block-published":"Published","title-block-modified":"Modified","callout-tip-title":"Tip","callout-note-title":"Note","callout-warning-title":"Warning","callout-important-title":"Important","callout-caution-title":"Caution","code-summary":"Code","code-tools-menu-caption":"Code","code-tools-show-all-code":"Show All Code","code-tools-hide-all-code":"Hide All Code","code-tools-view-source":"View Source","code-tools-source-code":"Source Code","code-line":"Line","code-lines":"Lines","copy-button-tooltip":"Copy to Clipboard","copy-button-tooltip-success":"Copied!","repo-action-links-edit":"Edit this page","repo-action-links-source":"View source","repo-action-links-issue":"Report an issue","back-to-top":"Back to top","search-no-results-text":"No results","search-matching-documents-text":"matching documents","search-copy-link-title":"Copy link to search","search-hide-matches-text":"Hide additional matches","search-more-match-text":"more match in this document","search-more-matches-text":"more matches in this document","search-clear-button-title":"Clear","search-detached-cancel-button-title":"Cancel","search-submit-button-title":"Submit","search-label":"Search","toggle-section":"Toggle section","toggle-sidebar":"Toggle sidebar navigation","toggle-dark-mode":"Toggle dark mode","toggle-reader-mode":"Toggle reader mode","toggle-navigation":"Toggle navigation","crossref-fig-title":"Figure","crossref-tbl-title":"Table","crossref-lst-title":"Listing","crossref-thm-title":"Theorem","crossref-lem-title":"Lemma","crossref-cor-title":"Corollary","crossref-prp-title":"Proposition","crossref-cnj-title":"Conjecture","crossref-def-title":"Definition","crossref-exm-title":"Example","crossref-exr-title":"Exercise","crossref-ch-prefix":"Chapter","crossref-apx-prefix":"Appendix","crossref-sec-prefix":"Section","crossref-eq-prefix":"Equation","crossref-lof-title":"List of Figures","crossref-lot-title":"List of Tables","crossref-lol-title":"List of Listings","environment-proof-title":"Proof","environment-remark-title":"Remark","environment-solution-title":"Solution","listing-page-order-by":"Order By","listing-page-order-by-default":"Default","listing-page-order-by-date-asc":"Oldest","listing-page-order-by-date-desc":"Newest","listing-page-order-by-number-desc":"High to Low","listing-page-order-by-number-asc":"Low to High","listing-page-field-date":"Date","listing-page-field-title":"Title","listing-page-field-description":"Description","listing-page-field-author":"Author","listing-page-field-filename":"File Name","listing-page-field-filemodified":"Modified","listing-page-field-subtitle":"Subtitle","listing-page-field-readingtime":"Reading Time","listing-page-field-categories":"Categories","listing-page-minutes-compact":"{0} min","listing-page-category-all":"All","listing-page-no-matches":"No matching items"},"metadata":{"lang":"en","fig-responsive":true,"quarto-version":"1.3.433","bibliography":["references.bib"],"csl":"ieee-with-url.csl","editor":"source","theme":"cosmo","code-summary":"Show the code","page-layout":"full"},"extensions":{"book":{"multiFile":true}}},"pdf":{"identifier":{"display-name":"PDF","target-format":"pdf","base-format":"pdf"},"execute":{"fig-width":5.5,"fig-height":3.5,"fig-format":"pdf","fig-dpi":300,"df-print":"default","error":false,"eval":true,"cache":null,"freeze":"auto","echo":true,"output":true,"warning":true,"include":true,"keep-md":false,"keep-ipynb":false,"ipynb":null,"enabled":null,"daemon":null,"daemon-restart":false,"debug":false,"ipynb-filters":[],"engine":"knitr"},"render":{"keep-tex":false,"keep-source":false,"keep-hidden":false,"prefer-html":false,"output-divs":true,"output-ext":"pdf","fig-align":"default","fig-pos":null,"fig-env":null,"code-fold":"none","code-overflow":"scroll","code-link":false,"code-line-numbers":false,"code-tools":false,"tbl-colwidths":true,"merge-includes":true,"inline-includes":false,"preserve-yaml":false,"latex-auto-mk":true,"latex-auto-install":true,"latex-clean":true,"latex-max-runs":10,"latex-makeindex":"makeindex","latex-makeindex-opts":[],"latex-tlmgr-opts":[],"latex-input-paths":[],"latex-output-dir":null,"link-external-icon":false,"link-external-newwindow":false,"self-contained-math":false,"format-resources":[]},"pandoc":{"pdf-engine":"xelatex","standalone":true,"variables":{"graphics":true,"tables":true},"default-image-extension":"pdf","to":"pdf","output-file":"examples.pdf"},"language":{"toc-title-document":"Table of contents","toc-title-website":"On this page","related-formats-title":"Other Formats","related-notebooks-title":"Notebooks","source-notebooks-prefix":"Source","section-title-abstract":"Abstract","section-title-appendices":"Appendices","section-title-footnotes":"Footnotes","section-title-references":"References","section-title-reuse":"Reuse","section-title-copyright":"Copyright","section-title-citation":"Citation","appendix-attribution-cite-as":"For attribution, please cite this work as:","appendix-attribution-bibtex":"BibTeX citation:","title-block-author-single":"Author","title-block-author-plural":"Authors","title-block-affiliation-single":"Affiliation","title-block-affiliation-plural":"Affiliations","title-block-published":"Published","title-block-modified":"Modified","callout-tip-title":"Tip","callout-note-title":"Note","callout-warning-title":"Warning","callout-important-title":"Important","callout-caution-title":"Caution","code-summary":"Code","code-tools-menu-caption":"Code","code-tools-show-all-code":"Show All Code","code-tools-hide-all-code":"Hide All Code","code-tools-view-source":"View Source","code-tools-source-code":"Source Code","code-line":"Line","code-lines":"Lines","copy-button-tooltip":"Copy to Clipboard","copy-button-tooltip-success":"Copied!","repo-action-links-edit":"Edit this page","repo-action-links-source":"View source","repo-action-links-issue":"Report an issue","back-to-top":"Back to top","search-no-results-text":"No results","search-matching-documents-text":"matching documents","search-copy-link-title":"Copy link to search","search-hide-matches-text":"Hide additional matches","search-more-match-text":"more match in this document","search-more-matches-text":"more matches in this document","search-clear-button-title":"Clear","search-detached-cancel-button-title":"Cancel","search-submit-button-title":"Submit","search-label":"Search","toggle-section":"Toggle section","toggle-sidebar":"Toggle sidebar navigation","toggle-dark-mode":"Toggle dark mode","toggle-reader-mode":"Toggle reader mode","toggle-navigation":"Toggle navigation","crossref-fig-title":"Figure","crossref-tbl-title":"Table","crossref-lst-title":"Listing","crossref-thm-title":"Theorem","crossref-lem-title":"Lemma","crossref-cor-title":"Corollary","crossref-prp-title":"Proposition","crossref-cnj-title":"Conjecture","crossref-def-title":"Definition","crossref-exm-title":"Example","crossref-exr-title":"Exercise","crossref-ch-prefix":"Chapter","crossref-apx-prefix":"Appendix","crossref-sec-prefix":"Section","crossref-eq-prefix":"Equation","crossref-lof-title":"List of Figures","crossref-lot-title":"List of Tables","crossref-lol-title":"List of Listings","environment-proof-title":"Proof","environment-remark-title":"Remark","environment-solution-title":"Solution","listing-page-order-by":"Order By","listing-page-order-by-default":"Default","listing-page-order-by-date-asc":"Oldest","listing-page-order-by-date-desc":"Newest","listing-page-order-by-number-desc":"High to Low","listing-page-order-by-number-asc":"Low to High","listing-page-field-date":"Date","listing-page-field-title":"Title","listing-page-field-description":"Description","listing-page-field-author":"Author","listing-page-field-filename":"File Name","listing-page-field-filemodified":"Modified","listing-page-field-subtitle":"Subtitle","listing-page-field-readingtime":"Reading Time","listing-page-field-categories":"Categories","listing-page-minutes-compact":"{0} min","listing-page-category-all":"All","listing-page-no-matches":"No matching items"},"metadata":{"block-headings":true,"bibliography":["references.bib"],"csl":"ieee-with-url.csl","editor":"source","documentclass":"scrreprt"},"extensions":{"book":{"selfContainedOutput":true}}}},"projectFormats":["html","pdf"]}