{"title":"Introduction","markdown":{"headingText":"Introduction","headingAttr":{"id":"intro","classes":[],"keyvalue":[]},"containsRefs":false,"markdown":"\nIn recent years, the exponential growth of large datasets with numerous variables have become increasingly prevalent across various fields @ringner2008principal, including but not limited to data analysis, image processing, genetics, finance, and signal processing @jolliffe2016principal. Analyzing, processing, and visualizing these multivariate datasets pose significant challenges. Therefore, the significance of unsupervised learning algorithms comes into play, particularly in tasks like dimensionality reduction, feature extraction, and visualization of complex data sets. Unsupervised learning is a collection of algorithms to classify raw data @esposito2020introducing. Clustering, and density estimation methods, often serve as a crucial preliminary step in dimensionality reduction where the objective is to find patterns and correlations aiding in organizing the original data. The underlying structures and relationships within the data can inform the selection and application of dimensionality reduction techniques.\n\nMoreover, dimensionality reduction (DR) techniques aim to mitigate the challenge of extracting valuable insights from complex data by reducing the number of dimensions, decreasing computational complexity, eliminating irrelevant and redundant data, improving algorithm accuracy, and facilitating efficient data visualization @hasan2021review. Unsupervised learning and dimensionality reduction are indispensable tools in data analysis, and machine learning. While unsupervised learning aims to uncover patterns and correlations between raw data, dimensionality reduction simplifies data representation. One widely used DR technique is Principal Component Analysis (PCA). The objectives of the present research project are the comprehensive exploration of PCA, encompassing an introduction to its core concepts, a discussion of its purposes and functions as well as a demonstration of its application through step-by-step examples.\n\nPrincipal Component Analysis is best described as a dimension reduction technique for statistical data. PCA has its roots in the work of Karl Pearson in his 1901 paper \"On Lines and Planes of Closest Fit to Systems of Points in Space\" @pearson1901liii with the later christening and formal development of the technique by Harold Hotelling in 1933 @hotelling1933analysis. Pearson initially conceptualized PCA as a geometric interpretation within statistics; subsequently, PCA gained recognition as a more suitable method than analysis of variance for modeling response data @fisher1923studies. The aim of PCA is to reduce the dimensionality of a dataset without loss of information about the variability of the data. By creating principal components that act as analogues for variables, the statistical information of the dataset can be preserved and compressed into a more easily representable form. A common example of the application of PCA involves reducing an n-dimensional data set into 2 principal components which can be plotted on a graph representing the relationships among the original variables; for this reason, PCA is often described as an exploratory data analysis tool.\n\n## Theoretical and mathematical foundations\n\nThe fundamental concept behind PCA is to explain the variability in a set of correlated variables with a smaller set of uncorrelated variables, thus mitigating issues such as multicollinearity. The geometric properties of PCs facilitate an intuitive interpretation of key features within complex multivariate datasets @greenacre2022principal; the first principal component represents the direction with the greatest variation in the original data, while subsequent components are uncorrelated with the previous ones. Each component can be interpreted as the direction that maximizes the variance of the original data when projecting new observations onto the components @ringner2008principal. PCA aims to capture a significant proportion of the original variables' variation in the first few components, offering a practical lower-dimensional summary. While other methods may involve weighted averages across related variables to reduce dimensions, PCA often achieves similar results with minimal loss of variance information @everitt2011introduction. The mathematical foundations of PCA center around data of $p$ variables in $n$ observations, represented by an $n \\times p$ matrix $X$ with the goal of finding a linear combination of the columns of $X$ which maximize variance. By maximizing the variance in these linear combinations, we can capture the largest amount of statistical information possible among the dimensions of the dataset. As described by Jolliffe and Cadima @jolliffe2016principal, this boils down to finding the eigenvectors ($a$) and the largest eigenvalues ($\\lambda$) of the covariance matrix $S$, where $Xa_k$ are the linear combinations called the principal components.\n\nWith the development of software packages in computer languages such as R and Python, the computational burden of PCA for large datasets can be easily handled by software; PCA has become easy to use as part of any data processing pipeline. Abdi and Williams describe PCA as \"probably the most popular multivariate statistical technique ... used by almost all scientific disciplines.\" @abdi2010principal Abdi and Williams also emphasize that the goals of PCA should be extracting only the most important information from a dataset to both compress and simplify the dataset and provide a way to analyze the structure of the observations and variables more easily. Importantly, the authors also offer a geometric description of the principal components as orthogonal factors to the original axis of the dataset; another strength of PCA is the fact that the technique can be explained and expressed through several mathematical avenues. Finally, Abdi and Williams offer methods to evaluate the quality of the \"PCA model\" in reconstructing the original data matrix using the derived principal components. For example, calculating the residual sum of squares, or RESS, after rebuilding X provides a way to identify model accuracy by seeking a minimal RESS value from X and X. \n\nLever and Altman @lever2017points offer similar praises of PCA while echoing the cautions of prior authors as a powerful data exploration tool with clear limitations. PCA is best when interesting patterns in data produce statistical variance which can be capture by the principal components, but the technique is far less effective when patterns in data are non-linear or non-orthogonal or when the maximization of variance fails to produce interesting clusters in the principal component space. Scaling is often necessary for PCA to ensure compatibility across variables with different scales and ranges. The original data is typically standardized to have a mean of 0 and a variance of 1 @greenacre2022principal. PCA can be used improperly to produce results that obfuscate the actual statistical content of the dataset; scaling may influence the analysis with prior knowledge of the data, so the decision to scale the data and the scaling methodology should be considered carefully.\n\n## Applications and extensions\n\n### In Archeology, Neuroscience, and the Arts\n\nPCA has been utilized by many authors across numerous fields as an essential part of a data analysis pipeline. As an example of the application of PCA, Jolliffe and Cadima @jolliffe2016principal present a dataset of 88 observations with 9 variables of measurement for fossilized mammal teeth including length in two dimensions, width in two dimensions, and more. With the R statistical language, finding and displaying the principal components of the dataset becomes trivial work where patterns can be identified graphically in a two-dimensional (PC1 x PC2) plot, versus the original scatterplot which would be displayed in nine-dimensional space. The development of statistical software has made it straightforward for practitioners to use PCA for data exploration and dimensionality reduction. Authors such as Maindonald and Braun @maindonald2006data have produced publications which present techniques and step-by-step methodologies of using R to calculate principal components and graphically display the results. Their presentation includes code snippets which can be run in R software environments along with worked examples and a discussion of results, facilitating the use of the technique for practitioners of all experience levels.\n\nFelipe Gewers and their research team directly expound on Abdi and Williams' description of PCA as \"the most popular multivariate statistical technique \\[\\...\\]\" in an analysis of publications which use PCA: Across twenty-three disciplines ranging from Neuroscience to the Arts, PCA is used to explore a dataset before analysis, used as part of a spectrum of statistical analysis tools prior to modeling and analysis, or used to preprocess and simplify data for direct analysis and modeling @gewers2021principal. The authors also discuss the broad effectiveness of PCA in representing more than 50% of the variance in most datasets using only the first three principal components. They also highlight how differences in captured variance appear between standardization and non-standardization, and in different fields of study; PCA can be effective in an incredibly diverse array of data when applied appropriately. As an exploratory technique with a long tenure in the field of statistics and data analysis, PCA is tried and true in simplifying datasets and allowing practitioners to identify and explore the largest sources of statistical information present in their data.\n\nPrincipal Component Analysis is also implemented in Scikit Learn with randomized Singular Value Decomposition (SVD) for dimensionality reduction in data analysis, particularly for face recognition and similar high-dimensional data applications. For instance, with an image of 4096 dimensions (64x64 pixel gray scale images) PCA can transform the data into a lower 200 dimension format that still captures the essential information @pedregosa2011scikit. With randomized SVD it becomes computationally more efficient to approximate the singular vectors, which are then used to perform the transformation. This approach significantly reduces computation time and memory usage. Additionally, PCA decomposes a multivariate dataset into orthogonal components that explain the maximum amount of variance. It can center and optionally scale the input data before applying SVD. Scaling can be useful for downstream models, such as Support Vector Machines with the RBF kernel and K-Means clustering, which assume certain properties of the data distribution.\n\n### Computer Vision and Pattern Recognition\n\nThe Eigenfaces concept has emerged as a groundbreaking approach to facial detection and recognition. The Eigenfaces algorithm employs PCA to extract essential facial features, reducing the dimensionality of face images while retaining crucial information. The Eigenfaces technique represents facial images in high-dimensional space while projecting the images onto a lower-dimensional space. Turk and Pentland demonstrated the effectiveness of Eigenfaces in recognizing faces under various conditions, including variations in lighting, facial expressions, and pose @turk1991eigenfaces. The potential implications of this research extend beyond face recognition, and have broader implications for image analysis, computer vision, and biometric systems. The paper Eigenfaces by Zhang and Turk provided an insightful exploration of the Eigenfaces method @zhang2008eigenfaces, considered as the first working technique in facial recognition. Eigenfaces leverage the power of PCA to represent facial images compactly and efficiently, making it possible to recognize faces in various contexts.\n\nThe idea of principal components to represent human faces was developed by Sirovich and Kirby in 1987 and used by Turk and Pentland in 1991 @turk1991eigenfaces for face detection and recognition. The authors describe the mathematical principles behind PCA, and its adaptation for facial recognition, capturing the most prominent facial features while reducing the dimensionality of the data. Specifically, the eigenfaces are the principal components of a distribution of faces, or the eigenvectors of the covariance matrix of the set of face images, where an image with N pixels is considered a point (or vector) in N-dimensional space. Emphasis is placed on the versatility of Eigenfaces in handling variations in lighting, pose, and facial expressions, making it a robust tool for real-world applications.\n\nThis application of PCA represents one of many for a longstanding technique in the rapidly growing field of statistics and data analysis. The unsupervised learning algorithm plays a vital role in dimensionality reduction, feature extraction, and visualization of complex data sets. Understanding PCA is crucial for researchers, and students seeking to extract meaningful insights and patterns from high-dimensional data to simplify the decision-making process.\n","srcMarkdownNoYaml":""},"formats":{"html":{"identifier":{"display-name":"HTML","target-format":"html","base-format":"html"},"execute":{"fig-width":7,"fig-height":5,"fig-format":"retina","fig-dpi":96,"df-print":"default","error":false,"eval":true,"cache":null,"freeze":"auto","echo":true,"output":true,"warning":true,"include":true,"keep-md":false,"keep-ipynb":false,"ipynb":null,"enabled":null,"daemon":null,"daemon-restart":false,"debug":false,"ipynb-filters":[],"engine":"markdown"},"render":{"keep-tex":false,"keep-source":false,"keep-hidden":false,"prefer-html":false,"output-divs":true,"output-ext":"html","fig-align":"default","fig-pos":null,"fig-env":null,"code-fold":true,"code-overflow":"scroll","code-link":false,"code-line-numbers":false,"code-tools":false,"tbl-colwidths":"auto","merge-includes":true,"inline-includes":false,"preserve-yaml":false,"latex-auto-mk":true,"latex-auto-install":true,"latex-clean":true,"latex-max-runs":10,"latex-makeindex":"makeindex","latex-makeindex-opts":[],"latex-tlmgr-opts":[],"latex-input-paths":[],"latex-output-dir":null,"link-external-icon":false,"link-external-newwindow":false,"self-contained-math":false,"format-resources":[],"notebook-links":true,"format-links":true},"pandoc":{"standalone":true,"wrap":"none","default-image-extension":"png","to":"html","css":["css/toggle.css"],"output-file":"intro.html"},"language":{"toc-title-document":"Table of contents","toc-title-website":"On this page","related-formats-title":"Other Formats","related-notebooks-title":"Notebooks","source-notebooks-prefix":"Source","section-title-abstract":"Abstract","section-title-appendices":"Appendices","section-title-footnotes":"Footnotes","section-title-references":"References","section-title-reuse":"Reuse","section-title-copyright":"Copyright","section-title-citation":"Citation","appendix-attribution-cite-as":"For attribution, please cite this work as:","appendix-attribution-bibtex":"BibTeX citation:","title-block-author-single":"Author","title-block-author-plural":"Authors","title-block-affiliation-single":"Affiliation","title-block-affiliation-plural":"Affiliations","title-block-published":"Published","title-block-modified":"Modified","callout-tip-title":"Tip","callout-note-title":"Note","callout-warning-title":"Warning","callout-important-title":"Important","callout-caution-title":"Caution","code-summary":"Code","code-tools-menu-caption":"Code","code-tools-show-all-code":"Show All Code","code-tools-hide-all-code":"Hide All Code","code-tools-view-source":"View Source","code-tools-source-code":"Source Code","code-line":"Line","code-lines":"Lines","copy-button-tooltip":"Copy to Clipboard","copy-button-tooltip-success":"Copied!","repo-action-links-edit":"Edit this page","repo-action-links-source":"View source","repo-action-links-issue":"Report an issue","back-to-top":"Back to top","search-no-results-text":"No results","search-matching-documents-text":"matching documents","search-copy-link-title":"Copy link to search","search-hide-matches-text":"Hide additional matches","search-more-match-text":"more match in this document","search-more-matches-text":"more matches in this document","search-clear-button-title":"Clear","search-detached-cancel-button-title":"Cancel","search-submit-button-title":"Submit","search-label":"Search","toggle-section":"Toggle section","toggle-sidebar":"Toggle sidebar navigation","toggle-dark-mode":"Toggle dark mode","toggle-reader-mode":"Toggle reader mode","toggle-navigation":"Toggle navigation","crossref-fig-title":"Figure","crossref-tbl-title":"Table","crossref-lst-title":"Listing","crossref-thm-title":"Theorem","crossref-lem-title":"Lemma","crossref-cor-title":"Corollary","crossref-prp-title":"Proposition","crossref-cnj-title":"Conjecture","crossref-def-title":"Definition","crossref-exm-title":"Example","crossref-exr-title":"Exercise","crossref-ch-prefix":"Chapter","crossref-apx-prefix":"Appendix","crossref-sec-prefix":"Section","crossref-eq-prefix":"Equation","crossref-lof-title":"List of Figures","crossref-lot-title":"List of Tables","crossref-lol-title":"List of Listings","environment-proof-title":"Proof","environment-remark-title":"Remark","environment-solution-title":"Solution","listing-page-order-by":"Order By","listing-page-order-by-default":"Default","listing-page-order-by-date-asc":"Oldest","listing-page-order-by-date-desc":"Newest","listing-page-order-by-number-desc":"High to Low","listing-page-order-by-number-asc":"Low to High","listing-page-field-date":"Date","listing-page-field-title":"Title","listing-page-field-description":"Description","listing-page-field-author":"Author","listing-page-field-filename":"File Name","listing-page-field-filemodified":"Modified","listing-page-field-subtitle":"Subtitle","listing-page-field-readingtime":"Reading Time","listing-page-field-categories":"Categories","listing-page-minutes-compact":"{0} min","listing-page-category-all":"All","listing-page-no-matches":"No matching items"},"metadata":{"lang":"en","fig-responsive":true,"quarto-version":"1.3.433","bibliography":["references.bib"],"csl":"ieee-with-url.csl","editor":"source","theme":"cosmo","code-summary":"Show the code","page-layout":"full"},"extensions":{"book":{"multiFile":true}}},"pdf":{"identifier":{"display-name":"PDF","target-format":"pdf","base-format":"pdf"},"execute":{"fig-width":5.5,"fig-height":3.5,"fig-format":"pdf","fig-dpi":300,"df-print":"default","error":false,"eval":true,"cache":null,"freeze":"auto","echo":true,"output":true,"warning":true,"include":true,"keep-md":false,"keep-ipynb":false,"ipynb":null,"enabled":null,"daemon":null,"daemon-restart":false,"debug":false,"ipynb-filters":[],"engine":"markdown"},"render":{"keep-tex":false,"keep-source":false,"keep-hidden":false,"prefer-html":false,"output-divs":true,"output-ext":"pdf","fig-align":"default","fig-pos":null,"fig-env":null,"code-fold":"none","code-overflow":"scroll","code-link":false,"code-line-numbers":false,"code-tools":false,"tbl-colwidths":true,"merge-includes":true,"inline-includes":false,"preserve-yaml":false,"latex-auto-mk":true,"latex-auto-install":true,"latex-clean":true,"latex-max-runs":10,"latex-makeindex":"makeindex","latex-makeindex-opts":[],"latex-tlmgr-opts":[],"latex-input-paths":[],"latex-output-dir":null,"link-external-icon":false,"link-external-newwindow":false,"self-contained-math":false,"format-resources":[]},"pandoc":{"pdf-engine":"xelatex","standalone":true,"variables":{"graphics":true,"tables":true},"default-image-extension":"pdf","to":"pdf","output-file":"intro.pdf"},"language":{"toc-title-document":"Table of contents","toc-title-website":"On this page","related-formats-title":"Other Formats","related-notebooks-title":"Notebooks","source-notebooks-prefix":"Source","section-title-abstract":"Abstract","section-title-appendices":"Appendices","section-title-footnotes":"Footnotes","section-title-references":"References","section-title-reuse":"Reuse","section-title-copyright":"Copyright","section-title-citation":"Citation","appendix-attribution-cite-as":"For attribution, please cite this work as:","appendix-attribution-bibtex":"BibTeX citation:","title-block-author-single":"Author","title-block-author-plural":"Authors","title-block-affiliation-single":"Affiliation","title-block-affiliation-plural":"Affiliations","title-block-published":"Published","title-block-modified":"Modified","callout-tip-title":"Tip","callout-note-title":"Note","callout-warning-title":"Warning","callout-important-title":"Important","callout-caution-title":"Caution","code-summary":"Code","code-tools-menu-caption":"Code","code-tools-show-all-code":"Show All Code","code-tools-hide-all-code":"Hide All Code","code-tools-view-source":"View Source","code-tools-source-code":"Source Code","code-line":"Line","code-lines":"Lines","copy-button-tooltip":"Copy to Clipboard","copy-button-tooltip-success":"Copied!","repo-action-links-edit":"Edit this page","repo-action-links-source":"View source","repo-action-links-issue":"Report an issue","back-to-top":"Back to top","search-no-results-text":"No results","search-matching-documents-text":"matching documents","search-copy-link-title":"Copy link to search","search-hide-matches-text":"Hide additional matches","search-more-match-text":"more match in this document","search-more-matches-text":"more matches in this document","search-clear-button-title":"Clear","search-detached-cancel-button-title":"Cancel","search-submit-button-title":"Submit","search-label":"Search","toggle-section":"Toggle section","toggle-sidebar":"Toggle sidebar navigation","toggle-dark-mode":"Toggle dark mode","toggle-reader-mode":"Toggle reader mode","toggle-navigation":"Toggle navigation","crossref-fig-title":"Figure","crossref-tbl-title":"Table","crossref-lst-title":"Listing","crossref-thm-title":"Theorem","crossref-lem-title":"Lemma","crossref-cor-title":"Corollary","crossref-prp-title":"Proposition","crossref-cnj-title":"Conjecture","crossref-def-title":"Definition","crossref-exm-title":"Example","crossref-exr-title":"Exercise","crossref-ch-prefix":"Chapter","crossref-apx-prefix":"Appendix","crossref-sec-prefix":"Section","crossref-eq-prefix":"Equation","crossref-lof-title":"List of Figures","crossref-lot-title":"List of Tables","crossref-lol-title":"List of Listings","environment-proof-title":"Proof","environment-remark-title":"Remark","environment-solution-title":"Solution","listing-page-order-by":"Order By","listing-page-order-by-default":"Default","listing-page-order-by-date-asc":"Oldest","listing-page-order-by-date-desc":"Newest","listing-page-order-by-number-desc":"High to Low","listing-page-order-by-number-asc":"Low to High","listing-page-field-date":"Date","listing-page-field-title":"Title","listing-page-field-description":"Description","listing-page-field-author":"Author","listing-page-field-filename":"File Name","listing-page-field-filemodified":"Modified","listing-page-field-subtitle":"Subtitle","listing-page-field-readingtime":"Reading Time","listing-page-field-categories":"Categories","listing-page-minutes-compact":"{0} min","listing-page-category-all":"All","listing-page-no-matches":"No matching items"},"metadata":{"block-headings":true,"bibliography":["references.bib"],"csl":"ieee-with-url.csl","editor":"source","documentclass":"scrreprt"},"extensions":{"book":{"selfContainedOutput":true}}}},"projectFormats":["html","pdf"]}