{"title":"Methods","markdown":{"headingText":"Methods","headingAttr":{"id":"methods","classes":[],"keyvalue":[]},"containsRefs":false,"markdown":"\nThe aim of Principal component analysis (PCA) is to reduce the dimensionality of multivariate data while preserving the variability present in the data. The principal components derived from the dataset are orthogonal variables represented by linear combinations of the original variables which maximize variance. The first principal component (PC) captures the most variance, followed by the second orthogonal principal component, and so on. There can be as many PCs as there are variables in the original data, but the technique is typically used to simplify high-dimension data for improved interpretability. Principal components can be calculated using eigenvalue decomposition or the singular value decomposition (SVD) of the data matrix, so data must be preproccesed and several assumptions met for PCA to yield meaningful results.\n\n## Assumptions\n\nFor PCA to be effective, the data should be continuous (although adaptations of PCA exist for other numeric data structures) and normally distributed, although the the distribution of the data does not truly matter when utilizing PCA as an exploratory methodology. More importantly, the data should be linearly related or the linear combinations of the principal components cannot meaningfully capture the variance of the data. Ideally, the variables should be similar in scale, and free from extreme outliers, or missing values, although this can be addressed in preprocessing, and implementations of PCA such as robust PCA have been developed to address these challenges. @jolliffe2016principal\n\n## Preprocessing\n\nPreprocessing data for PCA is straightforward. Missing data should be handled using a method appropriate for the dataset, such as imputation based on the mean or median of the variable observations. After this the variables should be centered and scaled, to a mean of 0 and a standard deviation of 1, although statistical software libraries for SVD and PCA may include this as an option within the function. @R\n\n## Eigenvectors\n\nPCA uses eigenvectors and their corresponding eigenvalues to calculate the principal components; a brief overview is given here. Eigen is a German word meaning *inherent* or *characteristic*, and an eigenvector can be described geometrically as a nonzero vector $a$ of a linear transformation matrix $M$ which does not change direction when the transformation is applied; the only change that occurs is a scaling by factor $\\lambda$, the eigenvalue of the eigenvector $a$. Such a characteristic vector is useful in PCA, where the goal is to maximize variance while reducing dimensionality, and in this context the eigenvectors and eigenvalues can be thought of as the inherent components of the dataset which contain the most important information. Eigenvalues can be calculated from the characteristic polynomial of the matrix, by taking the determinant of $M - \\lambda I$, where $I$ is the identity matrix. Setting this expression equal to zero allows the calculation of the eigenvalues as the roots of the characteristic polynomial; the resulting equation is called the characteristic equation:\n\n$$\ndet(M - \\lambda I) = 0\n$$ {#eq-1}\n\nAn eigenvalue $\\lambda_k$ can be used to solve for some eigenvector $a_k$ with the equation $(M - \\lambda I)a = 0$. With PCA, we can use the eigenvectors of the covariance matrix to compute the PCs. @bennett2021linear\n\n## Principal Component Analysis\n\nIn this approach to PCA, SVD is used to extract the most information (variance) from the data matrix while reducing the dimensionality of the data. The first principal component will have the largest possible variance (also called inertia), whose value is defined as a factor score. Factor scores represent a geometric projection of the observations onto the PCs. The second PC, orthogonal to the first, has the second largest variance, and the third PC would continue this pattern. The calculation of PCs via SVD can be understood with the use of matrix operations on a dataset. @hopcroft2014foundations\n\n### Centering and Scaling\n\nLet our dataset be represented by the $N \\times P$ matrix $X$ comprised of $N$ observations of $P$ variables in the data set, where any element $x_{np}$ represents the $n$th observation of variable $p$ in the dataset. The matrix $X$ has rank $A$ where $A \\leq min\\{N, P\\}$. The data in $X$ is centered and scaled, such that the mean of each column $X_p$ is 0 and every $x_{np}$ has been standardized with scaled unit variance. We can represent this with the formula:\n\n$$\nz_{np} = \\frac{x_{np} - \\bar{x}_{p}}{{\\sigma_{p}}}\n$$ {#eq-2}\n\n### Eigendecomposition of the Covariance Matrix\n\nThe aim of PCA is to find some linear combination of the columns of $X$ which maximizes the variance. If we define $a$ as a vector of constants $a_1, a_2, a_3, …, a_p$, then $Xa$ represents the linear combination of interest. The variance of $Xa$ is represented by $var(Xa) = a^TSa$, with the covariance matrix $S$, and $T$ representing the transpose operator. Finding the $Xa$ with maximum variance equates to finding the vector $a$ which maximizes the quadratic $a^TSa$, where $a^Ta = 1$. We can write this as $a^TSa - \\lambda(a^Ta-1)$, with the Lagrange multiplier $\\lambda$. @luenberger1997optimization Equating this expression to the null vector $0$ allows us to differentiate with respect to $a$:\n\n$$\nSa - \\lambda a = 0 \\Rightarrow Sa = \\lambda a\n$$ {#eq-3}\n\nTherefore, $a$ is a unit-norm eigenvector with eigenvalue $\\lambda$ of the covariance matrix $S$. The largest eigenvalue of $S$ is $\\lambda_1$ with the eigenvector $a_1$, which we can define for any eigenvector $a$:\n\n$$\nvar(Xa) = a^TSa = \\lambda a^Ta = \\lambda\n$$ {#eq-4}\n\nAny $p \\times p$ real symmetric matrix has exactly $p$ real eigenvalues $\\lambda_k$ for $k = 1,...,p$. The corresponding eigenvectors of these eigenvalues can be defined to form an orthonormal set of vectors such that $a_k^Ta_{k^T} = 1$ if $k = k^T$ and zero otherwise. If we consider that $S$ is such a matrix and impose the restriction of orthogonality to the different coefficient vectors of $S$, the full set of eigenvectors of $S$ represent the solutions to finding linear combinations $Xa_k$ which maximize variance while minimizing correlation with prior linear combinations. $Xa_k$ then represent the linear combinations which are the principal components of the dataset with eigenvectors $a_k$ and eigenvalues $\\lambda_k$. The elements of $Xa_k$ are the factor scores of the PCs, while the elements of the eigenvectors $a_k$ represent the loadings of the PCs. @jolliffe2016principal\n\n### Singular Value Decomposition\n\nNext we define the singular value decomposition of $X$. Let $L$ be the $N \\times A$ matrix of left singular vectors of the matrix; that is, the columns of $L$ are made up of the eigenvectors of $XX^T$. Let $R$ be the $P \\times A$ matrix of right singular vectors; the columns of $R$ are made up of the eigenvectors of $X^TX$. Finally, let $D$ be the diagonal matrix of singular values, meaning the singular values in $D$ are the square roots of the eigenvalues of $XX^T$ and $X^TX$, and $D^2$ is defined as the diagonal matrix of the non-zero eigenvalues. We can define the singular value decomposition of matrix $X$ as:\n\n$$\nX = LD{R}^T\n$$ {#eq-5}\n\nIn this context, the eigenvalues represent the variances of the principal components and summarily contain the important information for the dataset, and we can obtain the PCs of $X$ from the SVD. @abdi2010principal With the identity matrix $I$, the $I \\times R$ matrix of factor scores can be expressed as:\n\n$$\nF = LD\n$$ {#eq-6}\n\nThese factor scores are calculated from the coefficients of the linear combinations in matrix $R$, which can be defined as a projection matrix of the original observations onto the PCs, i.e. the product of $X$ and $R$:\n\n$$\nF = LD = LDR^TR = XR\n$$ {#eq-7}\n\nThe matrix $R$ is also referred to as a loading matrix, and $X$ is often described as the product of the factor score matrix and the loading matrix:\n\n$$\nX = FR^T\n$$ {#eq-8}\n\nwith the decomposition of $F^TF = D^2$ and $R^TR = I$.\n\nThe loadings represent the weights of the original variables in the computation of the PCs; in other words, the correlation from -1 to 1 of each variable with the factor score.\n\nIn a geometric interpretation of PCA, the factor scores measure length on the Cartesian plane. This length represents the projection of the original observations onto the PCs from the origin at $(0, 0)$. This is especially useful as a visualization of higher dimension data in two dimensions by utilizing the first two PCs which capture the most variance in the original data. @lever2017points\n\n## Interpretation of the Principal Components\n\nThere are several ways to interpret the PCs derived from the analysis. Since the eigenvalues represent the variance of the PCs, the proportion of the eigenvalues explain the proportion of variation in the dataset. Using a scree plot, these eigenvalues are plotted to show how much variation each PC explains. Another commonly used tool is a biplot, a combination of the plots of the factor scores (points) and the loadings (vectors) for two PCs (typically PC1 and PC2). The biplot is meant to visually capture the relationship between the original variables and the principal components. Clusters of points represent highly correlated variables, and vector lengths represent the variability captured in that direction on the principal component axis. While many methods and tools exist to interpret the results of PCA, the usefulness of each depends on the needs of the analysis. @bennett2021linear\n","srcMarkdownNoYaml":""},"formats":{"html":{"identifier":{"display-name":"HTML","target-format":"html","base-format":"html"},"execute":{"fig-width":7,"fig-height":5,"fig-format":"retina","fig-dpi":96,"df-print":"default","error":false,"eval":true,"cache":null,"freeze":"auto","echo":true,"output":true,"warning":true,"include":true,"keep-md":false,"keep-ipynb":false,"ipynb":null,"enabled":null,"daemon":null,"daemon-restart":false,"debug":false,"ipynb-filters":[],"engine":"markdown"},"render":{"keep-tex":false,"keep-source":false,"keep-hidden":false,"prefer-html":false,"output-divs":true,"output-ext":"html","fig-align":"default","fig-pos":null,"fig-env":null,"code-fold":true,"code-overflow":"scroll","code-link":false,"code-line-numbers":false,"code-tools":false,"tbl-colwidths":"auto","merge-includes":true,"inline-includes":false,"preserve-yaml":false,"latex-auto-mk":true,"latex-auto-install":true,"latex-clean":true,"latex-max-runs":10,"latex-makeindex":"makeindex","latex-makeindex-opts":[],"latex-tlmgr-opts":[],"latex-input-paths":[],"latex-output-dir":null,"link-external-icon":false,"link-external-newwindow":false,"self-contained-math":false,"format-resources":[],"notebook-links":true,"format-links":true},"pandoc":{"standalone":true,"wrap":"none","default-image-extension":"png","to":"html","css":["css/toggle.css"],"output-file":"methods.html"},"language":{"toc-title-document":"Table of contents","toc-title-website":"On this page","related-formats-title":"Other Formats","related-notebooks-title":"Notebooks","source-notebooks-prefix":"Source","section-title-abstract":"Abstract","section-title-appendices":"Appendices","section-title-footnotes":"Footnotes","section-title-references":"References","section-title-reuse":"Reuse","section-title-copyright":"Copyright","section-title-citation":"Citation","appendix-attribution-cite-as":"For attribution, please cite this work as:","appendix-attribution-bibtex":"BibTeX citation:","title-block-author-single":"Author","title-block-author-plural":"Authors","title-block-affiliation-single":"Affiliation","title-block-affiliation-plural":"Affiliations","title-block-published":"Published","title-block-modified":"Modified","callout-tip-title":"Tip","callout-note-title":"Note","callout-warning-title":"Warning","callout-important-title":"Important","callout-caution-title":"Caution","code-summary":"Code","code-tools-menu-caption":"Code","code-tools-show-all-code":"Show All Code","code-tools-hide-all-code":"Hide All Code","code-tools-view-source":"View Source","code-tools-source-code":"Source Code","code-line":"Line","code-lines":"Lines","copy-button-tooltip":"Copy to Clipboard","copy-button-tooltip-success":"Copied!","repo-action-links-edit":"Edit this page","repo-action-links-source":"View source","repo-action-links-issue":"Report an issue","back-to-top":"Back to top","search-no-results-text":"No results","search-matching-documents-text":"matching documents","search-copy-link-title":"Copy link to search","search-hide-matches-text":"Hide additional matches","search-more-match-text":"more match in this document","search-more-matches-text":"more matches in this document","search-clear-button-title":"Clear","search-detached-cancel-button-title":"Cancel","search-submit-button-title":"Submit","search-label":"Search","toggle-section":"Toggle section","toggle-sidebar":"Toggle sidebar navigation","toggle-dark-mode":"Toggle dark mode","toggle-reader-mode":"Toggle reader mode","toggle-navigation":"Toggle navigation","crossref-fig-title":"Figure","crossref-tbl-title":"Table","crossref-lst-title":"Listing","crossref-thm-title":"Theorem","crossref-lem-title":"Lemma","crossref-cor-title":"Corollary","crossref-prp-title":"Proposition","crossref-cnj-title":"Conjecture","crossref-def-title":"Definition","crossref-exm-title":"Example","crossref-exr-title":"Exercise","crossref-ch-prefix":"Chapter","crossref-apx-prefix":"Appendix","crossref-sec-prefix":"Section","crossref-eq-prefix":"Equation","crossref-lof-title":"List of Figures","crossref-lot-title":"List of Tables","crossref-lol-title":"List of Listings","environment-proof-title":"Proof","environment-remark-title":"Remark","environment-solution-title":"Solution","listing-page-order-by":"Order By","listing-page-order-by-default":"Default","listing-page-order-by-date-asc":"Oldest","listing-page-order-by-date-desc":"Newest","listing-page-order-by-number-desc":"High to Low","listing-page-order-by-number-asc":"Low to High","listing-page-field-date":"Date","listing-page-field-title":"Title","listing-page-field-description":"Description","listing-page-field-author":"Author","listing-page-field-filename":"File Name","listing-page-field-filemodified":"Modified","listing-page-field-subtitle":"Subtitle","listing-page-field-readingtime":"Reading Time","listing-page-field-categories":"Categories","listing-page-minutes-compact":"{0} min","listing-page-category-all":"All","listing-page-no-matches":"No matching items"},"metadata":{"lang":"en","fig-responsive":true,"quarto-version":"1.3.433","bibliography":["references.bib"],"csl":"ieee-with-url.csl","editor":"source","theme":"cosmo","code-summary":"Show the code","page-layout":"full"},"extensions":{"book":{"multiFile":true}}},"pdf":{"identifier":{"display-name":"PDF","target-format":"pdf","base-format":"pdf"},"execute":{"fig-width":5.5,"fig-height":3.5,"fig-format":"pdf","fig-dpi":300,"df-print":"default","error":false,"eval":true,"cache":null,"freeze":"auto","echo":true,"output":true,"warning":true,"include":true,"keep-md":false,"keep-ipynb":false,"ipynb":null,"enabled":null,"daemon":null,"daemon-restart":false,"debug":false,"ipynb-filters":[],"engine":"markdown"},"render":{"keep-tex":false,"keep-source":false,"keep-hidden":false,"prefer-html":false,"output-divs":true,"output-ext":"pdf","fig-align":"default","fig-pos":null,"fig-env":null,"code-fold":"none","code-overflow":"scroll","code-link":false,"code-line-numbers":false,"code-tools":false,"tbl-colwidths":true,"merge-includes":true,"inline-includes":false,"preserve-yaml":false,"latex-auto-mk":true,"latex-auto-install":true,"latex-clean":true,"latex-max-runs":10,"latex-makeindex":"makeindex","latex-makeindex-opts":[],"latex-tlmgr-opts":[],"latex-input-paths":[],"latex-output-dir":null,"link-external-icon":false,"link-external-newwindow":false,"self-contained-math":false,"format-resources":[]},"pandoc":{"pdf-engine":"xelatex","standalone":true,"variables":{"graphics":true,"tables":true},"default-image-extension":"pdf","to":"pdf","output-file":"methods.pdf"},"language":{"toc-title-document":"Table of contents","toc-title-website":"On this page","related-formats-title":"Other Formats","related-notebooks-title":"Notebooks","source-notebooks-prefix":"Source","section-title-abstract":"Abstract","section-title-appendices":"Appendices","section-title-footnotes":"Footnotes","section-title-references":"References","section-title-reuse":"Reuse","section-title-copyright":"Copyright","section-title-citation":"Citation","appendix-attribution-cite-as":"For attribution, please cite this work as:","appendix-attribution-bibtex":"BibTeX citation:","title-block-author-single":"Author","title-block-author-plural":"Authors","title-block-affiliation-single":"Affiliation","title-block-affiliation-plural":"Affiliations","title-block-published":"Published","title-block-modified":"Modified","callout-tip-title":"Tip","callout-note-title":"Note","callout-warning-title":"Warning","callout-important-title":"Important","callout-caution-title":"Caution","code-summary":"Code","code-tools-menu-caption":"Code","code-tools-show-all-code":"Show All Code","code-tools-hide-all-code":"Hide All Code","code-tools-view-source":"View Source","code-tools-source-code":"Source Code","code-line":"Line","code-lines":"Lines","copy-button-tooltip":"Copy to Clipboard","copy-button-tooltip-success":"Copied!","repo-action-links-edit":"Edit this page","repo-action-links-source":"View source","repo-action-links-issue":"Report an issue","back-to-top":"Back to top","search-no-results-text":"No results","search-matching-documents-text":"matching documents","search-copy-link-title":"Copy link to search","search-hide-matches-text":"Hide additional matches","search-more-match-text":"more match in this document","search-more-matches-text":"more matches in this document","search-clear-button-title":"Clear","search-detached-cancel-button-title":"Cancel","search-submit-button-title":"Submit","search-label":"Search","toggle-section":"Toggle section","toggle-sidebar":"Toggle sidebar navigation","toggle-dark-mode":"Toggle dark mode","toggle-reader-mode":"Toggle reader mode","toggle-navigation":"Toggle navigation","crossref-fig-title":"Figure","crossref-tbl-title":"Table","crossref-lst-title":"Listing","crossref-thm-title":"Theorem","crossref-lem-title":"Lemma","crossref-cor-title":"Corollary","crossref-prp-title":"Proposition","crossref-cnj-title":"Conjecture","crossref-def-title":"Definition","crossref-exm-title":"Example","crossref-exr-title":"Exercise","crossref-ch-prefix":"Chapter","crossref-apx-prefix":"Appendix","crossref-sec-prefix":"Section","crossref-eq-prefix":"Equation","crossref-lof-title":"List of Figures","crossref-lot-title":"List of Tables","crossref-lol-title":"List of Listings","environment-proof-title":"Proof","environment-remark-title":"Remark","environment-solution-title":"Solution","listing-page-order-by":"Order By","listing-page-order-by-default":"Default","listing-page-order-by-date-asc":"Oldest","listing-page-order-by-date-desc":"Newest","listing-page-order-by-number-desc":"High to Low","listing-page-order-by-number-asc":"Low to High","listing-page-field-date":"Date","listing-page-field-title":"Title","listing-page-field-description":"Description","listing-page-field-author":"Author","listing-page-field-filename":"File Name","listing-page-field-filemodified":"Modified","listing-page-field-subtitle":"Subtitle","listing-page-field-readingtime":"Reading Time","listing-page-field-categories":"Categories","listing-page-minutes-compact":"{0} min","listing-page-category-all":"All","listing-page-no-matches":"No matching items"},"metadata":{"block-headings":true,"bibliography":["references.bib"],"csl":"ieee-with-url.csl","editor":"source","documentclass":"scrreprt"},"extensions":{"book":{"selfContainedOutput":true}}}},"projectFormats":["html","pdf"]}