{"examples.qmd":["eduflair2020","factoextra","tidyverse","kableExtra","misc_abalone_1","pages2014multiple","R","abdi2010principal"],"methods.qmd":["jolliffe2016principal","R","bennett2021linear","hopcroft2014foundations","luenberger1997optimization","jolliffe2016principal","abdi2010principal","lever2017points","bennett2021linear"],"presentation.qmd":[],"index.qmd":[],"abalone.qmd":["eduflair2020","pages2014multiple","prcomp2023ref"],"analysis.qmd":["chumney2012pcaefa","chumney2012pcaefa","abdi2010principal"],"summary.qmd":[],"dataset.qmd":["dialysis2023july"],"deck.qmd":[],"intro.qmd":["ringner2008principal","jolliffe2016principal","esposito2020introducing","hasan2021review","pearson1901liii","hotelling1933analysis","fisher1923studies","greenacre2022principal","ringner2008principal","everitt2011introduction","jolliffe2016principal","abdi2010principal","lever2017points","greenacre2022principal","jolliffe2016principal","maindonald2006data","gewers2021principal","pedregosa2011scikit","turk1991eigenfaces","zhang2008eigenfaces","turk1991eigenfaces"],"discussion.qmd":[],"EDA.qmd":[],"slides.qmd":[],"results.qmd":["bro2014principal","R","caret"],"appendix.qmd":["tidyverse","kableExtra","factoextra","corrplot2021","summarytools","tidyverse","summarytools","kableExtra","DataExplorer","tidyverse","olsrr","caret","kableExtra","sjPlot","factoextra","caTools","ggcorrplot","pls","Metrics"],"references.qmd":[]}
